{
  "id": "d2f26c67-b979-4087-b5a8-4957d1912b67",
  "name": "What\u0027s the weather in Jaipur?",
  "auto": true,
  "contexts": [],
  "userSays": [
    {
      "id": "e7770924-8986-4323-a76a-a5eebca54e63",
      "data": [
        {
          "text": "What\u0027s the "
        },
        {
          "text": "weather",
          "alias": "weather",
          "meta": "@weather",
          "userDefined": true
        },
        {
          "text": " in "
        },
        {
          "text": "Jaipur",
          "alias": "geo-city",
          "meta": "@sys.geo-city",
          "userDefined": false
        },
        {
          "text": "?"
        }
      ],
      "isTemplate": false,
      "count": 0
    },
    {
      "id": "17a001ab-5fc3-4e16-bcfc-67d0da05bad4",
      "data": [
        {
          "text": "What\u0027s the "
        },
        {
          "text": "weather",
          "alias": "weather",
          "meta": "@weather",
          "userDefined": true
        },
        {
          "text": " like in "
        },
        {
          "text": "delhi",
          "alias": "geo-city",
          "meta": "@sys.geo-city",
          "userDefined": false
        }
      ],
      "isTemplate": false,
      "count": 0
    },
    {
      "id": "c0aace9b-d510-4915-8e23-5ba43896a855",
      "data": [
        {
          "text": "Is it "
        },
        {
          "text": "raining",
          "alias": "weather",
          "meta": "@weather",
          "userDefined": true
        },
        {
          "text": " in "
        },
        {
          "text": "mumbai",
          "alias": "geo-city",
          "meta": "@sys.geo-city",
          "userDefined": false
        },
        {
          "text": "?"
        }
      ],
      "isTemplate": false,
      "count": 0
    },
    {
      "id": "17e21e93-ccfc-4869-b591-3f99fa633095",
      "data": [
        {
          "text": "What\u0027s the "
        },
        {
          "text": "weather",
          "alias": "weather",
          "meta": "@weather",
          "userDefined": false
        },
        {
          "text": "?"
        }
      ],
      "isTemplate": false,
      "count": 0
    },
    {
      "id": "e199fd4a-46c1-42e2-ae22-f297eaeb8dcd",
      "data": [
        {
          "text": "Today\u0027s",
          "alias": "date",
          "meta": "@sys.date",
          "userDefined": true
        },
        {
          "text": " "
        },
        {
          "text": "condition",
          "alias": "weather",
          "meta": "@weather",
          "userDefined": true
        }
      ],
      "isTemplate": false,
      "count": 0
    },
    {
      "id": "9ecf8cd1-6d1d-4e11-b624-b13e0d44ca1e",
      "data": [
        {
          "text": "Weather",
          "alias": "weather",
          "meta": "@weather",
          "userDefined": false
        },
        {
          "text": " "
        },
        {
          "text": "Tomorrow",
          "alias": "date",
          "meta": "@sys.date",
          "userDefined": false
        },
        {
          "text": "?"
        }
      ],
      "isTemplate": false,
      "count": 0
    },
    {
      "id": "3ae1723b-242f-4851-8931-e14c3a1efafa",
      "data": [
        {
          "text": "Will it "
        },
        {
          "text": "rain",
          "alias": "weather",
          "meta": "@weather",
          "userDefined": false
        },
        {
          "text": " "
        },
        {
          "text": "next week",
          "alias": "date-period",
          "meta": "@sys.date-period",
          "userDefined": false
        },
        {
          "text": "?"
        }
      ],
      "isTemplate": false,
      "count": 0
    },
    {
      "id": "07c3edae-7ba1-4a21-b344-6fc02e803b73",
      "data": [
        {
          "text": "condition",
          "alias": "weather",
          "meta": "@weather",
          "userDefined": true
        },
        {
          "text": " in "
        },
        {
          "text": "jaipur",
          "alias": "geo-city",
          "meta": "@sys.geo-city",
          "userDefined": true
        }
      ],
      "isTemplate": false,
      "count": 0
    },
    {
      "id": "3eddfb95-22ac-49f4-9d00-ee8912b3f348",
      "data": [
        {
          "text": "what",
          "meta": "@sys.ignore",
          "userDefined": true
        },
        {
          "text": " "
        },
        {
          "text": "about",
          "alias": "weather",
          "meta": "@weather",
          "userDefined": true
        },
        {
          "text": " "
        },
        {
          "text": "london",
          "alias": "geo-city",
          "meta": "@sys.geo-city",
          "userDefined": true
        }
      ],
      "isTemplate": false,
      "count": 0
    },
    {
      "id": "6053ea53-0f5a-44f0-aed4-ff7b167595d1",
      "data": [
        {
          "text": "Delhi",
          "alias": "geo-city",
          "meta": "@sys.geo-city",
          "userDefined": true
        }
      ],
      "isTemplate": false,
      "count": 0
    },
    {
      "id": "2f121547-c0c3-409f-85b3-c28f946cc349",
      "data": [
        {
          "text": "what is the "
        },
        {
          "text": "weather",
          "alias": "weather",
          "meta": "@weather",
          "userDefined": true
        }
      ],
      "isTemplate": false,
      "count": 0
    }
  ],
  "responses": [
    {
      "resetContexts": false,
      "affectedContexts": [],
      "parameters": [
        {
          "required": true,
          "dataType": "@sys.geo-city",
          "name": "geo-city",
          "value": "$geo-city",
          "prompts": [
            "Where Exactly?",
            "Where?",
            "Which Place?"
          ]
        },
        {
          "dataType": "@sys.date",
          "name": "date",
          "value": "$date"
        },
        {
          "dataType": "@sys.date-period",
          "name": "date-period",
          "value": "$date-period"
        },
        {
          "required": true,
          "dataType": "@weather",
          "name": "weather",
          "value": "$weather",
          "prompts": [
            "What? I am not getting!",
            "Sorry, but I didn\u0027t understand your question.",
            "Hey, Can\u0027t help you right now, try again."
          ]
        }
      ],
      "speech": []
    }
  ],
  "state": "LEARNED",
  "priority": 500000,
  "webhookUsed": false
}